Iteration, Max P, Construction Time, Heuristic Time, Construction + Heuristic, Score Before Heuristic, Score After Heuristic, Score Difference，Unassigned areas
0, 131, 1.0250000953674316, 0.01399993896484375, 1.0390000343322754, 2259704, 1458140, 801564,23,0.026000261306762695,0.432999849319458,0.562000036239624
1, 131, 0.7949998378753662, 0.009000062942504883, 0.8039999008178711, 2849220, 1879503, 969717,22,0.021999835968017578,0.33700013160705566,0.43400001525878906
2, 130, 0.7899999618530273, 0.008999824523925781, 0.7989997863769531, 1942696, 1542592, 400104,22,0.030998706817626953,0.3340001106262207,0.4230012893676758
