Iteration, Max P, Construction Time, Heuristic Time, Construction + Heuristic, Score Before Heuristic, Score After Heuristic, Score Difference，Unassigned areas
0, 152, 1.2350001335144043, 0.014999866485595703, 1.25, 1549502, 1250530, 298972,0,0.0010001659393310547,0.21599888801574707,1.0130012035369873
1, 153, 0.9960000514984131, 0.009999990463256836, 1.00600004196167, 1520544, 1216335, 304209,0,0.0,0.17600059509277344,0.8189995288848877
2, 153, 1.0299999713897705, 0.009999990463256836, 1.0399999618530273, 1479768, 1158228, 321540,0,0.003999948501586914,0.17200422286987305,0.8509960174560547
