Iteration, Max P, Construction Time, Heuristic Time, Construction + Heuristic, Score Before Heuristic, Score After Heuristic, Score Difference，Unassigned areas
0, 131, 1.0149998664855957, 0.626000165939331, 1.6410000324249268, 2091351, 1940435, 150916,22,0.002000093460083008,30.564993381500244,0.0
1, 128, 0.6430001258850098, 0.5779998302459717, 1.2209999561309814, 2665651, 2533743, 131908,25,0.0,17.056005716323853,0.0
