Iteration, Max P, Construction Time, Heuristic Time, Construction + Heuristic, Score Before Heuristic, Score After Heuristic, Score Difference，Unassigned areas
0, 129, 0.7219998836517334, 0.3819999694824219, 1.1039998531341553, 2126899, 2006036, 120863,22,9.999275207519531E-4,36.20299530029297,0.34799981117248535
1, 132, 0.6959998607635498, 0.379000186920166, 1.0750000476837158, 2560084, 2363966, 196118,22,9.999275207519531E-4,34.8800003528595,0.3299999237060547
2, 130, 0.6689999103546143, 0.46700000762939453, 1.1359999179840088, 2061038, 1979289, 81749,22,0.0,33.951003074645996,0.30900073051452637
