Iteration, Max P, Construction Time, Heuristic Time, Construction + Heuristic, Score Before Heuristic, Score After Heuristic, Score Difference，Unassigned areas
0, 1012, 0.21399998664855957, 0.003000020980834961, 0.21700000762939453, 0, 0, 0,0,0.0,0.17100000381469727,0.04200005531311035
1, 1012, 0.20799994468688965, 0.003000020980834961, 0.2109999656677246, 0, 0, 0,0,9.999275207519531E-4,0.17099833488464355,0.035001516342163086
2, 1012, 0.19899988174438477, 0.003000020980834961, 0.20199990272521973, 0, 0, 0,0,9.999275207519531E-4,0.17200040817260742,0.02599954605102539
