Iteration, Max P, Construction Time, Heuristic Time, Construction + Heuristic, Score Before Heuristic, Score After Heuristic, Score Difference，Unassigned areas
0, 152, 1.1080000400543213, 0.014999866485595703, 1.122999906539917, 1515664, 1134883, 380781,0,0.0,0.19199824333190918,0.9130020141601562
1, 152, 0.9630000591278076, 0.009999990463256836, 0.9730000495910645, 1486131, 1137853, 348278,0,9.999275207519531E-4,0.15799975395202637,0.8020002841949463
2, 152, 0.9800000190734863, 0.009000062942504883, 0.9890000820159912, 1496500, 1154816, 341684,0,0.0,0.17500042915344238,0.804999589920044
