Iteration, Max P, Construction Time, Heuristic Time, Construction + Heuristic, Score Before Heuristic, Score After Heuristic, Score Difference，Unassigned areas
0, 152, 1.4240000247955322, 0.026000022888183594, 1.4500000476837158, 1495884, 989769, 506115,0,0.003000020980834961,0.2609996795654297,1.1540005207061768
1, 152, 1.1339998245239258, 0.009999990463256836, 1.1439998149871826, 1460657, 971177, 489480,0,0.0,0.19299983978271484,0.9380002021789551
2, 152, 1.065999984741211, 0.014999866485595703, 1.0809998512268066, 1468777, 989269, 479508,0,9.999275207519531E-4,0.1829991340637207,0.8780009746551514
