Iteration, Max P, Construction Time, Heuristic Time, Construction + Heuristic, Score Before Heuristic, Score After Heuristic, Score Difference，Unassigned areas
0, 131, 0.8530001640319824, 0.3619999885559082, 1.2150001525878906, 2015106, 1920289, 94817,22,0.0,44.99600553512573,0.43599915504455566
1, 129, 0.749000072479248, 0.3469998836517334, 1.0959999561309814, 2683684, 2569953, 113731,22,9.999275207519531E-4,38.31400489807129,0.3819999694824219
2, 132, 0.6080000400543213, 0.4549999237060547, 1.062999963760376, 1845812, 1762057, 83755,23,0.0,30.254992246627808,0.28099966049194336
