Iteration, Max P, Construction Time, Heuristic Time, Construction + Heuristic, Score Before Heuristic, Score After Heuristic, Score Difference，Unassigned areas
0, 130, 1.3040001392364502, 0.014999866485595703, 1.319000005722046, 2658027, 2166585, 491442,23,0.036998748779296875,0.5350015163421631,0.7269997596740723
1, 130, 0.9490001201629639, 0.007999897003173828, 0.9570000171661377, 2204441, 1710480, 493961,22,0.02899932861328125,0.42099905014038086,0.49900174140930176
2, 131, 0.9460000991821289, 0.009999990463256836, 0.9560000896453857, 2131650, 1754525, 377125,22,0.03099966049194336,0.4100010395050049,0.5009996891021729
