Iteration, Max P, Construction Time, Heuristic Time, Construction + Heuristic, Score Before Heuristic, Score After Heuristic, Score Difference，Unassigned areas
0, 132, 0.68399977684021, 0.28600001335144043, 0.9699997901916504, 1904971, 1806105, 98866,22,9.999275207519531E-4,34.82199692726135,0.3159980773925781
1, 130, 0.6510000228881836, 0.28099989891052246, 0.931999921798706, 2078839, 1938043, 140796,22,9.999275207519531E-4,34.02600169181824,0.299999475479126
2, 130, 0.6400001049041748, 0.32200002670288086, 0.9620001316070557, 2299875, 2198739, 101136,22,0.0010001659393310547,31.785991430282593,0.26600074768066406
