Iteration, Max P, Construction Time, Heuristic Time, Construction + Heuristic, Score Before Heuristic, Score After Heuristic, Score Difference，Unassigned areas
0, 133, 0.8209998607635498, 0.5600001811981201, 1.38100004196167, 1810840, 1684345, 126495,23,9.999275207519531E-4,44.151005029678345,0.38500022888183594
1, 131, 0.6190001964569092, 0.4569997787475586, 1.0759999752044678, 2818424, 2687692, 130732,22,0.0,31.1050066947937,0.2670009136199951
2, 132, 0.6500000953674316, 0.44700002670288086, 1.0970001220703125, 3025183, 2948045, 77138,22,0.0,33.116000175476074,0.27900052070617676
