Iteration, Max P, Construction Time, Heuristic Time, Construction + Heuristic, Score Before Heuristic, Score After Heuristic, Score Difference，Unassigned areas
0, 152, 1.1560001373291016, 0.017999887466430664, 1.1740000247955322, 1490870, 1138596, 352274,0,9.999275207519531E-4,0.20599985122680664,0.946000337600708
1, 152, 1.0220000743865967, 0.011999845504760742, 1.0339999198913574, 1473691, 1121977, 351714,0,9.999275207519531E-4,0.17699909210205078,0.8430008888244629
2, 152, 0.999000072479248, 0.007999897003173828, 1.0069999694824219, 1497877, 1185894, 311983,0,0.0,0.16900038719177246,0.8299996852874756
