Iteration, Max P, Construction Time, Heuristic Time, Construction + Heuristic, Score Before Heuristic, Score After Heuristic, Score Difference，Unassigned areas
0, 127, 1.1340000629425049, 0.7539999485015869, 1.8880000114440918, 3653858, 3486312, 167546,22,0.0019998550415039062,39.811004400253296,0.0
1, 136, 1.0829999446868896, 0.7480001449584961, 1.8310000896453857, 2169843, 2064379, 105464,22,0.0,31.236005544662476,0.0
