Iteration, Max P, Construction Time, Heuristic Time, Construction + Heuristic, Score Before Heuristic, Score After Heuristic, Score Difference，Unassigned areas
0, 1012, 0.25099992752075195, 0.004000186920166016, 0.25500011444091797, 0, 0, 0,0,0.002000093460083008,0.6629970073699951,1.8850030899047852
1, 1012, 0.2820000648498535, 0.003999948501586914, 0.28600001335144043, 0, 0, 0,0,0.0,0.23200035095214844,0.04699969291687012
2, 1012, 0.23099994659423828, 0.003999948501586914, 0.2349998950958252, 0, 0, 0,0,0.0019998550415039062,0.192000150680542,0.029000282287597656
