Iteration, Max P, Construction Time, Heuristic Time, Construction + Heuristic, Score Before Heuristic, Score After Heuristic, Score Difference，Unassigned areas
0, 131, 0.7829999923706055, 1.0800001621246338, 1.8630001544952393, 2276498, 2150740, 125758,22,0.0,40.70500826835632,0.34400033950805664
1, 131, 1.2760000228881836, 0.5369999408721924, 1.812999963760376, 2100491, 1994437, 106054,24,9.999275207519531E-4,67.15899968147278,0.5009987354278564
2, 134, 0.8960001468658447, 0.2929999828338623, 1.189000129699707, 2037115, 1910269, 126846,23,0.0010001659393310547,47.42399334907532,0.37800073623657227
