Iteration, Max P, Construction Time, Heuristic Time, Construction + Heuristic, Score Before Heuristic, Score After Heuristic, Score Difference，Unassigned areas
0, 131, 1.0840001106262207, 0.009999990463256836, 1.0940001010894775, 2617939, 2617939, 0,22,0.029999971389770508,0.4630012512207031,0.587998628616333
1, 131, 0.8900001049041748, 0.004999876022338867, 0.8949999809265137, 2065561, 2065561, 0,23,0.026999711990356445,0.3810007572174072,0.4779996871948242
2, 132, 0.9790000915527344, 0.006999969482421875, 0.9860000610351562, 2032743, 2032743, 0,23,0.03000020980834961,0.415999174118042,0.5300006866455078
