Iteration, Max P, Construction Time, Heuristic Time, Construction + Heuristic, Score Before Heuristic, Score After Heuristic, Score Difference，Unassigned areas
0, 152, 1.2039999961853027, 0.017999887466430664, 1.2219998836517334, 1477978, 1156872, 321106,0,9.999275207519531E-4,0.2299976348876953,0.9710025787353516
1, 153, 1.2109999656677246, 0.009000062942504883, 1.2200000286102295, 1450395, 1163472, 286923,0,0.0,0.22100043296813965,0.98699951171875
2, 152, 0.9809999465942383, 0.009000062942504883, 0.9900000095367432, 1440980, 1066771, 374209,0,9.999275207519531E-4,0.17500042915344238,0.804999589920044
