Iteration, Max P, Construction Time, Heuristic Time, Construction + Heuristic, Score Before Heuristic, Score After Heuristic, Score Difference，Unassigned areas
0, 130, 1.1489999294281006, 0.012000083923339844, 1.1610000133514404, 2342463, 2342463, 0,22,0.029999971389770508,0.4909987449645996,0.6250011920928955
1, 131, 0.8910000324249268, 0.003999948501586914, 0.8949999809265137, 2229629, 2229629, 0,22,0.02400040626525879,0.3790006637573242,0.48199892044067383
2, 130, 0.8010001182556152, 0.003999948501586914, 0.8050000667572021, 3170196, 3170196, 0,22,0.02899932861328125,0.33099961280822754,0.43900084495544434
