Iteration, Max P, Construction Time, Heuristic Time, Construction + Heuristic, Score Before Heuristic, Score After Heuristic, Score Difference，Unassigned areas
0, 130, 1.055999994277954, 0.01699995994567871, 1.0729999542236328, 2726952, 2255922, 471030,22,0.027001619338989258,0.45399904251098633,0.5729992389678955
1, 130, 0.8029999732971191, 0.006000041961669922, 0.8090000152587891, 2500496, 2038589, 461907,22,0.021000385284423828,0.33500051498413086,0.4439990520477295
2, 130, 0.8659999370574951, 0.009000062942504883, 0.875, 2844328, 2299214, 545114,23,0.0279998779296875,0.3710000514984131,0.46700000762939453
