Iteration, Max P, Construction Time, Heuristic Time, Construction + Heuristic, Score Before Heuristic, Score After Heuristic, Score Difference，Unassigned areas
0, 133, 0.7860000133514404, 0.3320000171661377, 1.1180000305175781, 2596264, 2495835, 100429,22,0.0,40.08401131629944,0.3599989414215088
1, 130, 0.6489999294281006, 0.36299991607666016, 1.0119998455047607, 2195717, 2071980, 123737,22,0.0,32.447991132736206,0.2869994640350342
2, 131, 0.6639997959136963, 0.312000036239624, 0.9759998321533203, 2020811, 1837614, 183197,22,9.999275207519531E-4,33.02599740028381,0.2850000858306885
