Iteration, Max P, Construction Time, Heuristic Time, Construction + Heuristic, Score Before Heuristic, Score After Heuristic, Score Difference，Unassigned areas
0, 1012, 0.2519998550415039, 0.00800013542175293, 0.25999999046325684, 0, 0, 0,0,0.0,0.20600032806396484,0.040999650955200195
1, 1012, 0.2369999885559082, 0.006000041961669922, 0.24300003051757812, 0, 0, 0,0,0.0019998550415039062,0.1920011043548584,0.03499913215637207
2, 1012, 0.24099993705749512, 0.006000041961669922, 0.24699997901916504, 0, 0, 0,0,0.0019998550415039062,0.19199919700622559,0.045000553131103516
