Iteration, Max P, Construction Time, Heuristic Time, Construction + Heuristic, Score Before Heuristic, Score After Heuristic, Score Difference，Unassigned areas
0, 129, 1.0830001831054688, 0.7100000381469727, 1.7930002212524414, 2811976, 2730437, 81539,24,0.003000020980834961,30.359991312026978,0.0
1, 131, 0.7279999256134033, 1.070000171661377, 1.7980000972747803, 2221228, 2100905, 120323,26,0.0,19.73000431060791,0.0
2, 133, 0.6779999732971191, 0.5420000553131104, 1.2200000286102295, 2281412, 2162729, 118683,23,9.999275207519531E-4,18.04700779914856,0.0
