Iteration, Max P, Construction Time, Heuristic Time, Construction + Heuristic, Score Before Heuristic, Score After Heuristic, Score Difference，Unassigned areas
0, 132, 1.003000020980835, 1.0699999332427979, 2.072999954223633, 2462628, 2341442, 121186,24,0.0029997825622558594,33.487011194229126,0.0
1, 132, 0.8389999866485596, 0.9270000457763672, 1.7660000324249268, 2501729, 2413795, 87934,24,0.0,25.250009536743164,0.0
2, 129, 0.9730000495910645, 0.875999927520752, 1.8489999771118164, 5328712, 5222156, 106556,22,9.999275207519531E-4,21.012004137039185,0.0
