Iteration, Max P, Construction Time, Heuristic Time, Construction + Heuristic, Score Before Heuristic, Score After Heuristic, Score Difference，Unassigned areas
0, 132, 1.005000114440918, 0.753000020980835, 1.758000135421753, 2592546, 2486838, 105708,23,0.003999948501586914,34.75299572944641,0.0
1, 129, 0.8000001907348633, 0.7279999256134033, 1.5280001163482666, 2221132, 2106869, 114263,23,0.0010001659393310547,24.315991640090942,0.0
2, 130, 0.9150002002716064, 0.5249998569488525, 1.440000057220459, 1995699, 1913204, 82495,22,0.0010001659393310547,25.95699453353882,0.0
