Iteration, Max P, Construction Time, Heuristic Time, Construction + Heuristic, Score Before Heuristic, Score After Heuristic, Score Difference，Unassigned areas
0, 152, 1.0940001010894775, 0.015000104904174805, 1.1090002059936523, 1445952, 1095180, 350772,0,0.002000093460083008,0.20399951934814453,0.887000560760498
1, 150, 0.9380002021789551, 0.010999917984008789, 0.9490001201629639, 1495544, 1168914, 326630,0,0.002000093460083008,0.16199970245361328,0.7730004787445068
2, 152, 0.9619998931884766, 0.013000011444091797, 0.9749999046325684, 1504496, 1152448, 352048,0,0.0,0.17599916458129883,0.7830009460449219
