Iteration, Max P, Construction Time, Heuristic Time, Construction + Heuristic, Score Before Heuristic, Score After Heuristic, Score Difference，Unassigned areas
0, 132, 0.8880000114440918, 0.7569999694824219, 1.6449999809265137, 3250465, 3132751, 117714,23,0.003000020980834961,28.66999840736389,0.0
1, 129, 0.8360002040863037, 0.8569998741149902, 1.693000078201294, 2976776, 2901498, 75278,23,0.0,22.164008140563965,0.0
2, 131, 0.7569999694824219, 0.5340001583099365, 1.2910001277923584, 2107106, 1985707, 121399,23,0.0010001659393310547,18.71099328994751,0.0
