Iteration, Max P, Construction Time, Heuristic Time, Construction + Heuristic, Score Before Heuristic, Score After Heuristic, Score Difference，Unassigned areas
0, 129, 1.303999900817871, 0.9600000381469727, 2.2639999389648438, 2600070, 2458806, 141264,22,0.035001277923583984,0.6229982376098633,0.6430001258850098
1, 129, 1.0709998607635498, 0.8020000457763672, 1.872999906539917, 2264609, 2139413, 125196,22,0.003999948501586914,0.6150012016296387,0.4519987106323242
2, 131, 1.1120002269744873, 0.5799999237060547, 1.692000150680542, 2342425, 2259455, 82970,23,9.999275207519531E-4,0.6309995651245117,0.48000073432922363
