Iteration, Max P, Construction Time, Heuristic Time, Construction + Heuristic, Score Before Heuristic, Score After Heuristic, Score Difference，Unassigned areas
0, 153, 0.9909999370574951, 0.023999929428100586, 1.0149998664855957, 1468423, 1080456, 387967,0,0.0010001659393310547,0.1640007495880127,0.8199992179870605
1, 151, 0.931999921798706, 0.013000011444091797, 0.9449999332427979, 1482625, 1144015, 338610,0,0.0,0.16100192070007324,0.7689979076385498
2, 152, 0.9700000286102295, 0.013000011444091797, 0.9830000400543213, 1487459, 1150360, 337099,0,0.002000093460083008,0.17400050163269043,0.7899997234344482
