Iteration, Max P, Construction Time, Heuristic Time, Construction + Heuristic, Score Before Heuristic, Score After Heuristic, Score Difference，Unassigned areas
0, 129, 1.9260001182556152, 0.020999908447265625, 1.9470000267028809, 3043519, 3043519, 0,22,0.04200029373168945,0.8769993782043457,0.9970006942749023
1, 131, 1.0869998931884766, 0.003999948501586914, 1.0909998416900635, 2209479, 2209479, 0,22,0.03400063514709473,0.458998441696167,0.590001106262207
2, 129, 1.0439999103546143, 0.004000186920166016, 1.0480000972747803, 2557786, 2557786, 0,22,0.03600025177001953,0.43399953842163086,0.570000410079956
