Iteration, Max P, Construction Time, Heuristic Time, Construction + Heuristic, Score Before Heuristic, Score After Heuristic, Score Difference，Unassigned areas
0, 131, 1.7879998683929443, 0.01100015640258789, 1.7990000247955322, 1884012, 1510067, 373945,22,0.038999319076538086,0.769000768661499,0.9689998626708984
1, 131, 1.0920000076293945, 0.006000041961669922, 1.0980000495910645, 1977987, 1575561, 402426,22,0.04600095748901367,0.4669981002807617,0.5780010223388672
2, 129, 0.9119999408721924, 0.010999917984008789, 0.9229998588562012, 2068190, 1688274, 379916,23,0.03200030326843262,0.37800002098083496,0.4959993362426758
