Iteration, Max P, Construction Time, Heuristic Time, Construction + Heuristic, Score Before Heuristic, Score After Heuristic, Score Difference，Unassigned areas
0, 153, 1.1119999885559082, 0.024000167846679688, 1.136000156402588, 1471088, 1206161, 264927,0,0.0,0.18300199508666992,0.9249978065490723
1, 152, 0.9580001831054688, 0.011999845504760742, 0.9700000286102295, 1504971, 1173930, 331041,0,0.0,0.166001558303833,0.7899987697601318
2, 152, 0.9600000381469727, 0.012000083923339844, 0.9720001220703125, 1489549, 1148249, 341300,0,0.0,0.182997465133667,0.7770025730133057
