Iteration, Max P, Construction Time, Heuristic Time, Construction + Heuristic, Score Before Heuristic, Score After Heuristic, Score Difference，Unassigned areas
0, 152, 1.2969999313354492, 0.03600001335144043, 1.3329999446868896, 1466022, 266002, 1200020,0,0.0,0.22500014305114746,1.0659995079040527
1, 152, 1.1019999980926514, 0.017999887466430664, 1.119999885559082, 1471116, 298080, 1173036,0,0.0,0.20299792289733887,0.8980019092559814
2, 152, 1.133000135421753, 0.011999845504760742, 1.1449999809265137, 1533392, 395125, 1138267,0,0.0,0.20000052452087402,0.930999755859375
