Iteration, Max P, Construction Time, Heuristic Time, Construction + Heuristic, Score Before Heuristic, Score After Heuristic, Score Difference，Unassigned areas
0, 1012, 0.17400002479553223, 0.003000020980834961, 0.1770000457763672, 0, 0, 0,0,0.0,0.1420001983642578,0.03099989891052246
1, 1012, 0.1809999942779541, 0.002000093460083008, 0.1830000877380371, 0, 0, 0,0,0.0030002593994140625,0.15199923515319824,0.025000333786010742
2, 1012, 0.17400002479553223, 0.002000093460083008, 0.17600011825561523, 0, 0, 0,0,0.0,0.14700007438659668,0.025999784469604492
