Iteration, Max P, Construction Time, Heuristic Time, Construction + Heuristic, Score Before Heuristic, Score After Heuristic, Score Difference，Unassigned areas
0, 130, 1.1389999389648438, 0.878000020980835, 2.0169999599456787, 1931798, 1819914, 111884,23,0.034999847412109375,0.5699994564056396,0.5300006866455078
1, 130, 0.9419999122619629, 0.6159999370574951, 1.557999849319458, 1920023, 1808318, 111705,22,0.006000041961669922,0.5289998054504395,0.4070000648498535
2, 131, 0.8240001201629639, 0.625, 1.4490001201629639, 2249771, 2150539, 99232,23,0.003000020980834961,0.44299936294555664,0.37800073623657227
