Iteration, Max P, Construction Time, Heuristic Time, Construction + Heuristic, Score Before Heuristic, Score After Heuristic, Score Difference，Unassigned areas
0, 126, 0.7679998874664307, 1.2200000286102295, 1.9879999160766602, 3135980, 3015235, 120745,22,0.004000186920166016,41.88298845291138,0.0
1, 124, 0.5049998760223389, 0.7409999370574951, 1.245999813079834, 2327000, 2262548, 64452,25,0.0,25.32199192047119,0.0
2, 126, 0.4660000801086426, 0.5899999141693115, 1.055999994277954, 2351109, 2198750, 152359,22,9.999275207519531E-4,21.53800868988037,0.0
