Iteration, Max P, Construction Time, Heuristic Time, Construction + Heuristic, Score Before Heuristic, Score After Heuristic, Score Difference，Unassigned areas
0, 1012, 0.3450000286102295, 0.003000020980834961, 0.34800004959106445, 0, 0, 0,0,0.002000093460083008,0.27300167083740234,0.06799793243408203
1, 1012, 0.2739999294281006, 0.003000020980834961, 0.27699995040893555, 0, 0, 0,0,0.0019998550415039062,0.21200037002563477,0.05899977684020996
2, 1012, 0.19300007820129395, 0.003999948501586914, 0.19700002670288086, 0, 0, 0,0,0.0,0.15899991989135742,0.031000137329101562
