Iteration, Max P, Construction Time, Heuristic Time, Construction + Heuristic, Score Before Heuristic, Score After Heuristic, Score Difference，Unassigned areas
0, 128, 1.0429999828338623, 0.7909998893737793, 1.8339998722076416, 3987902, 3878977, 108925,23,0.003000020980834961,32.63999962806702,0.0
1, 134, 0.7249999046325684, 0.8210000991821289, 1.5460000038146973, 1900369, 1780884, 119485,29,0.0,18.42898988723755,0.0
2, 132, 0.7260000705718994, 0.4609999656677246, 1.187000036239624, 2364242, 2193088, 171154,23,0.0,22.040003061294556,0.0
