Iteration, Max P, Construction Time, Heuristic Time, Construction + Heuristic, Score Before Heuristic, Score After Heuristic, Score Difference，Unassigned areas
0, 129, 0.6700000762939453, 0.5109999179840088, 1.180999994277954, 2427932, 2325941, 101991,22,0.0,33.15200996398926,0.3000001907348633
1, 130, 0.6389999389648438, 0.37199997901916504, 1.0109999179840088, 2939252, 2758745, 180507,23,0.0,32.209999561309814,0.2869997024536133
2, 130, 0.5980000495910645, 0.36099982261657715, 0.9589998722076416, 2357615, 2218031, 139584,23,0.0,30.287999391555786,0.2759997844696045
