Iteration, Max P, Construction Time, Heuristic Time, Construction + Heuristic, Score Before Heuristic, Score After Heuristic, Score Difference，Unassigned areas
0, 1012, 0.17799997329711914, 0.004999876022338867, 0.182999849319458, 0, 0, 0,0,0.0010001659393310547,0.5179979801177979,1.807002305984497
1, 1012, 0.1789999008178711, 0.006000041961669922, 0.18499994277954102, 0, 0, 0,0,0.0,0.14899945259094238,0.03000044822692871
2, 1012, 0.17200016975402832, 0.003999948501586914, 0.17600011825561523, 0, 0, 0,0,0.0,0.14599990844726562,0.026000261306762695
