Iteration, Max P, Construction Time, Heuristic Time, Construction + Heuristic, Score Before Heuristic, Score After Heuristic, Score Difference，Unassigned areas
0, 132, 1.6200001239776611, 0.7249999046325684, 2.3450000286102295, 2413162, 2327969, 85193,23,0.045000553131103516,0.7449996471405029,0.8269999027252197
1, 133, 0.9600000381469727, 0.7039999961853027, 1.6640000343322754, 2367233, 2254913, 112320,22,0.00599980354309082,0.5290012359619141,0.4249989986419678
2, 130, 0.7460000514984131, 0.5250000953674316, 1.2710001468658447, 2689699, 2615512, 74187,22,0.002000093460083008,0.39600086212158203,0.34799909591674805
