Iteration, Max P, Construction Time, Heuristic Time, Construction + Heuristic, Score Before Heuristic, Score After Heuristic, Score Difference，Unassigned areas
0, 132, 2.0880000591278076, 0.029999971389770508, 2.118000030517578, 2355664, 2089226, 266438,23,0.0429995059967041,0.8929996490478516,1.1340007781982422
1, 130, 1.319000005722046, 0.006999969482421875, 1.3259999752044678, 2591266, 2272743, 318523,22,0.04099893569946289,0.5630004405975342,0.7120006084442139
2, 131, 0.9590001106262207, 0.006999969482421875, 0.9660000801086426, 3540232, 3082856, 457376,23,0.036000728607177734,0.3989994525909424,0.5209999084472656
