Iteration, Max P, Construction Time, Heuristic Time, Construction + Heuristic, Score Before Heuristic, Score After Heuristic, Score Difference，Unassigned areas
0, 153, 1.0950000286102295, 0.02500009536743164, 1.1200001239776611, 1491370, 1175818, 315552,0,0.0,0.21199750900268555,0.8800022602081299
1, 153, 1.003000020980835, 0.00800013542175293, 1.011000156402588, 1468543, 1162916, 305627,0,0.0,0.182999849319458,0.818000316619873
2, 151, 0.9739999771118164, 0.006000041961669922, 0.9800000190734863, 1458101, 1232212, 225889,0,9.999275207519531E-4,0.1660017967224121,0.8059983253479004
