Iteration, Max P, Construction Time, Heuristic Time, Construction + Heuristic, Score Before Heuristic, Score After Heuristic, Score Difference，Unassigned areas
0, 132, 0.9270000457763672, 1.0820000171661377, 2.009000062942505, 2253453, 2091856, 161597,28,0.0029997825622558594,30.164011478424072,0.0
1, 132, 0.749000072479248, 0.4029998779296875, 1.1519999504089355, 2497089, 2280974, 216115,22,0.0,22.756995916366577,0.0
2, 132, 0.7300000190734863, 0.5059998035430908, 1.2359998226165771, 3233692, 3022070, 211622,22,9.999275207519531E-4,18.593000888824463,0.0
