Iteration, Max P, Construction Time, Heuristic Time, Construction + Heuristic, Score Before Heuristic, Score After Heuristic, Score Difference，Unassigned areas
0, 134, 1.312000036239624, 1.8020000457763672, 3.114000082015991, 2126990, 1998044, 128946,27,0.003999948501586914,42.650994062423706,0.0
1, 135, 0.7950000762939453, 1.3499999046325684, 2.1449999809265137, 2169014, 2101855, 67159,23,0.0,20.862001657485962,0.0
2, 129, 0.6639997959136963, 0.5270001888275146, 1.190999984741211, 3202447, 3113757, 88690,23,9.999275207519531E-4,19.8869948387146,0.0
