Iteration, Max P, Construction Time, Heuristic Time, Construction + Heuristic, Score Before Heuristic, Score After Heuristic, Score Difference，Unassigned areas
0, 153, 1.1779999732971191, 0.02500009536743164, 1.2030000686645508, 1443976, 1096099, 347877,0,9.999275207519531E-4,0.216996431350708,0.9560034275054932
1, 152, 1.0880000591278076, 0.010999917984008789, 1.0989999771118164, 1492451, 1139507, 352944,0,0.0019998550415039062,0.20799899101257324,0.8770012855529785
2, 152, 1.0249998569488525, 0.009000062942504883, 1.0339999198913574, 1492652, 1118393, 374259,0,0.0,0.1830000877380371,0.8409998416900635
