Iteration, Max P, Construction Time, Heuristic Time, Construction + Heuristic, Score Before Heuristic, Score After Heuristic, Score Difference，Unassigned areas
0, 1012, 0.1549999713897705, 0.003999948501586914, 0.15899991989135742, 0, 0, 0,0,0.0,0.12900042533874512,0.020999431610107422
1, 1012, 0.16499996185302734, 0.004999876022338867, 0.1699998378753662, 0, 0, 0,0,0.0,0.13000082969665527,0.03199911117553711
2, 1012, 0.17799997329711914, 0.006999969482421875, 0.18499994277954102, 0, 0, 0,0,0.0,0.14300036430358887,0.032999277114868164
